n;n;n;n;n;n;n;n;n;n;n;n;n;n;n;n;n;n;n;n;n;n;n;n;n;n;n;n;n;n;n;n;n;n;n;n;n;n;n;n;n;n;n
n;n;n;n;n;n;n;n;n;n;n;n;n;n;n;n;n;n;n;n;n;n;n;n;n;n;n;n;n;n;n;n;n;n;n;n;n;n;n;n;n;n;n
n;n;n;n;n;e;n;n;n;e;n;n;n;n;n;n;n;n;n;n;n;n;n;n;n;n;n;n;n;n;n;n;n;n;n;n;n;n;n;n;n;n;n
n;n;n;n;n;n;n;n;n;n;n;n;n;n;n;n;n;n;n;n;n;n;n;n;n;n;n;n;n;n;n;n;n;n;n;n;n;n;n;n;n;n;n
n;n;n;n;n;n;n;n;n;n;n;n;n;n;n;n;n;n;n;n;n;n;n;n;n;n;n;n;n;n;n;n;n;n;n;n;n;n;n;n;n;n;n
n;n;n;n;n;n;n;n;n;n;n;n;n;n;n;n;n;n;n;n;n;n;n;n;n;n;n;n;n;n;n;n;n;n;n;n;n;n;n;n;n;n;n
n;n;n;n;n;n;n;n;n;n;n;n;n;n;n;n;n;n;n;n;n;n;n;n;n;n;n;n;n;n;n;n;n;n;n;n;n;n;n;n;n;n;n
n;n;n;n;n;n;n;n;n;n;n;n;n;n;n;n;n;n;n;n;n;n;n;n;n;n;n;n;n;n;n;n;n;n;n;n;n;n;n;n;n;n;n
n;n;n;n;n;n;n;n;n;n;n;n;n;n;n;n;n;n;n;n;n;n;n;n;n;n;n;n;n;n;n;n;n;n;n;n;n;n;n;n;n;n;n
n;n;n;n;n;n;n;n;n;n;n;n;n;n;n;n;n;n;n;n;n;n;n;n;n;n;n;n;n;n;n;n;n;n;n;n;n;n;n;n;n;n;n
n;n;n;n;n;n;n;n;n;n;n;n;n;n;n;n;n;n;n;n;n;n;n;n;n;n;n;n;n;n;n;n;n;n;n;n;n;n;n;n;n;n;n
n;n;n;n;n;n;n;n;n;n;n;n;n;n;n;n;n;n;n;n;n;n;n;n;n;n;n;n;n;n;n;n;n;n;n;n;n;n;n;n;n;n;n
n;n;n;n;n;n;n;n;n;n;n;n;n;n;n;n;n;n;n;n;n;n;n;n;n;n;n;n;n;n;n;n;n;n;n;n;n;n;n;n;n;n;n
n;n;n;n;n;n;n;n;n;n;n;n;n;n;n;n;n;n;n;n;n;n;n;n;n;n;n;n;n;n;n;n;n;n;n;n;n;n;n;n;n;n;n
n;n;n;n;n;n;n;n;n;n;n;n;n;n;n;n;n;n;n;n;n;n;n;n;n;n;n;n;n;n;n;n;n;n;n;n;n;n;n;n;n;n;n
n;n;n;n;n;n;n;n;n;n;n;n;n;n;n;n;n;n;n;n;n;n;n;n;n;n;n;n;n;n;n;n;n;n;n;n;n;n;n;n;n;n;n
n;n;n;n;n;n;n;n;n;n;n;n;n;n;n;n;n;n;n;n;n;n;n;n;n;n;n;n;n;n;n;n;n;n;n;n;n;n;n;n;n;n;n
n;n;n;n;n;n;n;n;n;n;n;n;n;n;n;n;n;n;n;n;n;n;n;n;n;n;n;n;n;n;n;n;n;n;n;n;n;n;n;n;n;n;n
n;n;n;n;n;n;n;n;n;n;n;n;n;n;n;n;n;n;n;n;n;n;n;n;n;n;n;n;n;n;n;n;n;n;n;n;n;n;n;n;n;n;n
n;n;n;n;n;n;n;n;n;n;n;n;n;n;n;n;n;n;n;n;n;n;n;n;n;n;n;n;n;n;n;n;n;n;n;n;n;n;n;n;n;n;n
n;n;n;n;n;n;n;n;n;n;n;n;n;n;n;n;n;n;n;n;n;n;n;n;n;n;n;n;n;n;n;n;n;n;n;n;n;n;n;n;n;n;n
n;n;n;n;n;n;n;n;n;n;n;n;n;n;n;n;n;n;n;n;n;n;n;n;n;n;n;n;n;n;n;n;n;n;n;n;n;n;n;n;n;n;n
n;n;n;n;n;n;n;n;n;n;n;n;n;n;n;n;n;n;n;n;n;n;n;n;n;n;n;n;n;n;n;n;n;n;n;n;n;n;n;n;n;n;n
n;n;n;n;n;n;n;n;n;n;n;n;n;n;n;n;n;n;n;n;n;n;n;n;n;n;n;n;n;n;n;n;n;n;n;n;n;n;n;n;n;n;n
n;n;n;n;n;n;n;n;n;n;n;n;n;n;n;n;n;n;n;n;n;n;n;n;n;n;n;n;n;n;n;n;n;n;n;n;n;n;n;n;n;n;n
n;n;n;n;n;n;n;n;n;n;n;n;n;n;n;n;n;n;n;n;n;n;n;n;n;n;n;n;n;n;n;n;n;n;n;n;n;n;n;n;n;n;n
n;n;n;n;n;n;n;n;n;n;n;n;n;n;n;n;n;n;n;n;n;n;n;n;n;n;n;n;n;n;n;n;n;n;n;n;n;n;n;n;n;n;n
n;n;n;n;n;n;n;n;n;n;n;n;n;n;n;n;n;n;n;n;n;n;n;n;n;n;n;n;n;n;n;n;n;n;n;n;n;n;n;n;n;n;n
n;n;n;n;n;n;n;n;n;n;n;n;n;n;n;n;n;n;n;n;n;n;n;n;n;n;n;n;n;n;n;n;n;n;n;n;n;n;n;n;n;n;n
n;n;n;n;n;n;n;n;n;n;n;n;n;n;n;n;n;n;n;n;n;n;n;n;n;n;n;n;n;n;n;n;n;n;n;n;n;n;n;n;n;n;n
